id,source,version,name,licensing
66054283,MLABiTe,20251114_095850,MLABiTe,Open_Source
66054283,MLABiTe,20251114_095850,MLABiTe,Open_Source
1437028096,MLABiTe,20250716_175943,MLABiTe,Open_Source
1437028096,MLABiTe,20250716_175943,MLABiTe,Open_Source
1437028096,MLABiTe,20250716_175943,MLABiTe,Open_Source
1437028096,MLABiTe,20250716_175943,MLABiTe,Open_Source
1453176042,MLABiTe,20250727_110401,MLABiTe,Open_Source
1453176042,MLABiTe,20250727_110401,MLABiTe,Open_Source
1453176042,MLABiTe,20250727_110401,MLABiTe,Open_Source
1453176042,MLABiTe,20250727_110401,MLABiTe,Open_Source
1553424334,MLABiTe,20250728_113057,MLABiTe,Open_Source
1553424334,MLABiTe,20250728_113057,MLABiTe,Open_Source
1553424334,MLABiTe,20250728_113057,MLABiTe,Open_Source
1561386057,MLABiTe,20250729_130503,MLABiTe,Open_Source
1561386057,MLABiTe,20250729_130503,MLABiTe,Open_Source
1791987717,MLABiTe,20250730_144904,MLABiTe,Open_Source
1791987717,MLABiTe,20250730_144904,MLABiTe,Open_Source
1784017704,MLABiTe,20250730_145536,MLABiTe,Open_Source
1784017704,MLABiTe,20250730_145536,MLABiTe,Open_Source
1561556543,MLABiTe,20250730_145815,MLABiTe,Open_Source
1561556543,MLABiTe,20250730_145815,MLABiTe,Open_Source
537960749,MLABiTe,20250730_152120,MLABiTe,Open_Source
537960749,MLABiTe,20250730_152120,MLABiTe,Open_Source
569960945,MLABiTe,20251113_123820,MLABiTe,Open_Source
569960945,MLABiTe,20251113_123820,MLABiTe,Open_Source
101536680,MLABiTe,20251114_150604,MLABiTe,Open_Source
101536680,MLABiTe,20251114_150604,MLABiTe,Open_Source
123186482,MLABiTe,20251117_134657,MLABiTe,Open_Source
123186482,MLABiTe,20251117_134657,MLABiTe,Open_Source
935785605,MLABiTe,20251117_120315,MLABiTe,Open_Source
935785605,MLABiTe,20251117_120315,MLABiTe,Open_Source
471246452,MLABiTe,20251119_094611,MLABiTe,Open_Source
471246452,MLABiTe,20251119_094611,MLABiTe,Open_Source
85443858,MLABiTe,20250728_094636,MLABiTe,Open_Source
85443858,MLABiTe,20250728_094636,MLABiTe,Open_Source
85443858,MLABiTe,20250728_094636,MLABiTe,Open_Source
85443858,MLABiTe,20250728_094636,MLABiTe,Open_Source
937478176,MLABiTe,20250728_094923,MLABiTe,Open_Source
937478176,MLABiTe,20250728_094923,MLABiTe,Open_Source
937478176,MLABiTe,20250728_094923,MLABiTe,Open_Source
937478176,MLABiTe,20250728_094923,MLABiTe,Open_Source
1528514091,MLABiTe,20250728_101254,MLABiTe,Open_Source
1528514091,MLABiTe,20250728_101254,MLABiTe,Open_Source
1528514091,MLABiTe,20250728_101254,MLABiTe,Open_Source
1528514091,MLABiTe,20250728_101254,MLABiTe,Open_Source
1734307150,MLABiTe,20250728_102345,MLABiTe,Open_Source
1734307150,MLABiTe,20250728_102345,MLABiTe,Open_Source
1734307150,MLABiTe,20250728_102345,MLABiTe,Open_Source
1734307150,MLABiTe,20250728_102345,MLABiTe,Open_Source
1153579215,MLABiTe,20250728_103408,MLABiTe,Open_Source
1153579215,MLABiTe,20250728_103408,MLABiTe,Open_Source
1153579215,MLABiTe,20250728_103408,MLABiTe,Open_Source
1153579215,MLABiTe,20250728_103408,MLABiTe,Open_Source
469083669,MLABiTe,20250728_104201,MLABiTe,Open_Source
469083669,MLABiTe,20250728_104201,MLABiTe,Open_Source
751720505,MLABiTe,20250728_104533,MLABiTe,Open_Source
751720505,MLABiTe,20250728_104533,MLABiTe,Open_Source
447266853,MLABiTe,20250728_110354,MLABiTe,Open_Source
447266853,MLABiTe,20250728_110354,MLABiTe,Open_Source
447266853,MLABiTe,20250728_110354,MLABiTe,Open_Source
447266853,MLABiTe,20250728_110354,MLABiTe,Open_Source
899601070,MLABiTe,20250729_160520,MLABiTe,Open_Source
1082291354,MLABiTe,20250729_162820,MLABiTe,Open_Source
1082291354,MLABiTe,20250729_162820,MLABiTe,Open_Source
1082291354,MLABiTe,20250729_162820,MLABiTe,Open_Source
797401007,MLABiTe,20250729_164044,MLABiTe,Open_Source
797401007,MLABiTe,20250729_164044,MLABiTe,Open_Source
797401007,MLABiTe,20250729_164044,MLABiTe,Open_Source
1064768502,MLABiTe,20250729_170642,MLABiTe,Open_Source
1064768502,MLABiTe,20250729_170642,MLABiTe,Open_Source
1064768502,MLABiTe,20250729_170642,MLABiTe,Open_Source
127626128,MLABiTe,20250729_171347,MLABiTe,Open_Source
127626128,MLABiTe,20250729_171347,MLABiTe,Open_Source
127626128,MLABiTe,20250729_171347,MLABiTe,Open_Source
510311865,MLABiTe,20250729_173217,MLABiTe,Open_Source
510311865,MLABiTe,20250729_173217,MLABiTe,Open_Source
510311865,MLABiTe,20250729_173217,MLABiTe,Open_Source
1880765381,MLABiTe,20250730_115153,MLABiTe,Open_Source
1880765381,MLABiTe,20250730_115153,MLABiTe,Open_Source
1880765381,MLABiTe,20250730_115153,MLABiTe,Open_Source
1373404189,MLABiTe,20250730_115900,MLABiTe,Open_Source
1373404189,MLABiTe,20250730_115900,MLABiTe,Open_Source
1373404189,MLABiTe,20250730_115900,MLABiTe,Open_Source
496499530,MLABiTe,20250730_124220,MLABiTe,Open_Source
496499530,MLABiTe,20250730_124220,MLABiTe,Open_Source
496499530,MLABiTe,20250730_124220,MLABiTe,Open_Source
1567234225,MLABiTe,20250730_124229,MLABiTe,Open_Source
1567234225,MLABiTe,20250730_124229,MLABiTe,Open_Source
1567234225,MLABiTe,20250730_124229,MLABiTe,Open_Source
1557259618,MLABiTe,20250730_132123,MLABiTe,Open_Source
1557259618,MLABiTe,20250730_132123,MLABiTe,Open_Source
1557259618,MLABiTe,20250730_132123,MLABiTe,Open_Source
1759529426,MLABiTe,20250730_134813,MLABiTe,Open_Source
1759529426,MLABiTe,20250730_134813,MLABiTe,Open_Source
1759529426,MLABiTe,20250730_134813,MLABiTe,Open_Source
942911497,MLABiTe,20250730_151635,MLABiTe,Open_Source
942911497,MLABiTe,20250730_151635,MLABiTe,Open_Source
942911497,MLABiTe,20250730_151635,MLABiTe,Open_Source
1532717743,MLABiTe,20250730_152126,MLABiTe,Open_Source
1532717743,MLABiTe,20250730_152126,MLABiTe,Open_Source
1532717743,MLABiTe,20250730_152126,MLABiTe,Open_Source
954112471,MLABiTe,20250730_152219,MLABiTe,Open_Source
954112471,MLABiTe,20250730_152219,MLABiTe,Open_Source
954112471,MLABiTe,20250730_152219,MLABiTe,Open_Source
1705378106,MLABiTe,20250730_161948,MLABiTe,Open_Source
1705378106,MLABiTe,20250730_161948,MLABiTe,Open_Source
1705378106,MLABiTe,20250730_161948,MLABiTe,Open_Source
1066051370,MLABiTe,20250730_162423,MLABiTe,Open_Source
1066051370,MLABiTe,20250730_162423,MLABiTe,Open_Source
1066051370,MLABiTe,20250730_162423,MLABiTe,Open_Source
1204231696,MLABiTe,20251114_133933,MLABiTe,Open_Source
1204231696,MLABiTe,20251114_133933,MLABiTe,Open_Source
929612296,MLABiTe,20251111_142209,MLABiTe,Open_Source
929612296,MLABiTe,20251111_142209,MLABiTe,Open_Source
1477007646,MLABiTe,20251111_150357,MLABiTe,Open_Source
1477007646,MLABiTe,20251111_150357,MLABiTe,Open_Source
1867652034,MLABiTe,20251107_103008,MLABiTe,Open_Source
1867652034,MLABiTe,20251107_103008,MLABiTe,Open_Source
1867652034,MLABiTe,20251107_103008,MLABiTe,Open_Source
1521998528,MLABiTe,20251107_142157,MLABiTe,Open_Source
1521998528,MLABiTe,20251107_142157,MLABiTe,Open_Source
1260289543,MLABiTe,20251111_160117,MLABiTe,Open_Source
1260289543,MLABiTe,20251111_160117,MLABiTe,Open_Source
1785883524,MLABiTe,20251110_142612,MLABiTe,Open_Source
1785883524,MLABiTe,20251110_142612,MLABiTe,Open_Source
580196122,MLABiTe,20251110_160430,MLABiTe,Open_Source
580196122,MLABiTe,20251110_160430,MLABiTe,Open_Source
1363916784,MLABiTe,20251107_143357,MLABiTe,Open_Source
1363916784,MLABiTe,20251107_143357,MLABiTe,Open_Source
570208753,MLABiTe,20251110_094040,MLABiTe,Open_Source
570208753,MLABiTe,20251110_094040,MLABiTe,Open_Source
908460535,MLABiTe,20251110_112509,MLABiTe,Open_Source
908460535,MLABiTe,20251110_112509,MLABiTe,Open_Source
779200098,MLABiTe,20251107_171542,MLABiTe,Open_Source
779200098,MLABiTe,20251107_171542,MLABiTe,Open_Source
908460535,MLABiTe,20251110_112509,MLABiTe,Open_Source
908460535,MLABiTe,20251110_112509,MLABiTe,Open_Source
1359343497,MLABiTe,20251111_132333,MLABiTe,Open_Source
